company_name,stock_symbol,legal_name,address,city,state,zipcode,area_code,ABI,primary_SIC_code,SIC6_description,primary_NAICS_code,NAICS8_description,parent_company_ABI,classification
3R Petroleum Oleo E Gas,RRRP3,3R Petroleum Oleo E Gas SA,,,,,,,,,,,,f
88 Energy,88E,88 Energy Ltd,,,,,,,,,,,,f
A.b.p. Nocivelli,ABP,A.b.p. Nocivelli SpA,,,,,,,,,,,,f
A2A,A2A,A2A SpA,,,,,,,,,,,,f
Abraj Energy Servs,ABRJ,Abraj Energy Services,,,,,,,,,,,,f
Abu Dhabi National Energy,TAQA,شركة ابوظبي الوطنية للطاقة,,,,,,,,,,,,f
ACEN,ACEN,ACEN Corp,,,,,,,,,,,,f
ACWA POWER,2082,شركة أكوا باور,,,,,,,,,,,,f
Adams Resources & Energy,AE,Adams Resources & Energy Inc,,,,,,,,,,,,f
Ades Holding,2382,شركة أديس القابضة,,,,,,,,,,,,f
ADNOC Drilling Company,ADNOCDRILL,ADNOC Drilling Company PJSC,,,,,,,,,,,,f
ADNOC Gas,ADNOCGAS,أدنوك للغاز بي أل سي,,,,,,,,,,,,f
Advantage Energy,AAV,Advantage Energy Ltd,,,,,,,,,,,,f
Aegis Logistics,500003,Aegis Logistics Ltd,,,,,,,,,,,,f
Aemetis,AMTX,Aemetis Inc,,,,,,,,,,,,f
AES,AES,The AES Corp,,,,,,,,,,,,f
Afentra,AET,Afentra PLC,,,,,,,,,,,,f
Africa Oil,AOI,Africa Oil Corp,,,,,,,,,,,,f
AGL Energy,AGL,AGL Energy Ltd,,,,,,,,,,,,f
Ahlatci Dogal Gaz Dagitim,AHGAZ,Ahlatci Dogal Gaz Dagitim Enerji Ve Yatirim,,,,,,,,,,,,f
Air Products & Chemicals,APD,Air Products & Chemicals Inc,,,,,,,,,,,,f
Akastor,AKAST,Akastor ASA,,,,,,,,,,,,f
Aker BP,AKRBP,Aker BP ASA,,,,,,,,,,,,f
Aker Solns,AKSO,Aker Solutions ASA,,,,,,,,,,,,f
Akita Drilling,AKT.A,Akita Drilling Ltd,,,,,,,,,,,,f
AKR Corporindo,AKRA,PT AKR Corporindo Tbk,,,,,,,,,,,,f
Aksa Enerji Uretim,AKSEN,AKSA ENERJİ ÜRETİM A.Ş.,,,,,,,,,,,,f
ALLETE,ALE,ALLETE Inc,,,,,,,,,,,,f
AltaGas,ALA,AltaGas Ltd,,,,,,,,,,,,f
Aluminium Bahrain,ALBH,Aluminium Bahrain BSC,,,,,,,,,,,,f
Alvopetro Energy,ALV,Alvopetro Energy Ltd,,,,,,,,,,,,f
American Electric Power,AEP,American Electric Power Co Inc,,,,,,,,,,,,f
Amplify Energy,AMPY,Amplify Energy Corp,,,,,,,,,,,,f
Ampol,ALD,Ampol Ltd,,,,,,,,,,,,f
Antero Midstream,AM,Antero Midstream Corp,,,,,,,,,,,,f
Antero Resources,AR,Antero Resources Corp,,,,,,,,,,,,f
Anton Oilfield Servs Gr,3337,Anton Oilfield Services Group,,,,,,,,,,,,f
APA,APA,APA Corp,,,,,,,,,,,,f
APA,APA,APA Group,,,,,,,,,,,,f
Arabian Drilling,2381,رشكة الحفر العربية,,,,,,,,,,,,f
ARC Resources,ARX,ARC Resources Ltd,,,,,,,,,,,,f
ArcelorMittal,MT,ArcelorMittal SA,,,,,,,,,,,,f
Archer,ARCH,Archer Ltd,,,,,,,,,,,,f
Archrock,AROC,Archrock Inc,,,,,,,,,,,,f
Arrow Exploration,AXL,Arrow Exploration Corp,,,,,,,,,,,,f
Ascent Resources,AST,Ascent Resources PLC,,,,,,,,,,,,f
Ashdod Refinery,ARF,"בית זיקוק אשדוד בע""מ",,,,,,,,,,,,f
Ashtead Technology Hldgs,AT.,Ashtead Technology Holdings PLC,,,,,,,,,,,,f
Asia Cement,1102,亞洲水泥股份有限公司,,,,,,,,,,,,f
Athabasca Oil,ATH,Athabasca Oil Corp,,,,,,,,,,,,f
Atlas Energy Solutions,AESI,Atlas Energy Solutions Inc,,,,,,,,,,,,f
Attock Refinery,ATRL,Attock Refinery Ltd,,,,,,,,,,,,f
Avance Gas Hldg,AGAS,Avance Gas Holding Ltd,,,,,,,,,,,,f
Ayala,AC,Ayala Corp,,,,,,,,,,,,f
B.Grimm Power,BGRIM,บริษัท บี.กริม เพาเวอร์ จำกัด (มหาชน),,,,,,,,,,,,f
Baker Hughes,BKR,Baker Hughes Co,,,,,,,,,,,,f
Banco BTG Pactual,BPAC3,Banco BTG Pactual S.A.,,,,,,,,,,,,f
Bangchak Corp,BCP,บริษัท บางจาก คอร์ปอเรชั่น จำกัด (มหาชน),,,,,,,,,,,,f
Bangchak Sriracha,BSRC,Bangchak Sriracha PCL,,,,,,,,,,,,f
Barnwell Industries,BRN,Barnwell Industries Inc,,,,,,,,,,,,f
Barrick Gold,ABX,Barrick Gold Corp,,,,,,,,,,,,f
Bashneft,BANE,ОАО АНК Башнефть,,,,,,,,,,,,f
Bass Oil,BAS,Bass Oil Ltd,,,,,,,,,,,,f
Battalion Oil,BATL,Battalion Oil Corp,,,,,,,,,,,,f
Baytex Energy,BTE,Baytex Energy Corp,,,,,,,,,,,,f
Beach Energy,BPT,Beach Energy Ltd,,,,,,,,,,,,f
Beijing Ent Hldgs,392,北京控股有限公司,,,,,,,,,,,,f
Berry Corp,BRY,Berry Corp (bry),,,,,,,,,,,,f
Bharat Petroleum Corp,500547,Bharat Petroleum Corp Ltd,,,,,,,,,,,,f
BHP Group,BHP,BHP Group Ltd,,,,,,,,,,,,f
Birchcliff Energy,BIR,Birchcliff Energy Ltd,,,,,,,,,,,,f
Black Stone Minerals,BSM,Black Stone Minerals LP,,,,,,,,,,,,f
Blackstone,BX,Blackstone Inc,,,,,,,,,,,,f
BlueNord,BNOR,BlueNord ASA,,,,,,,,,,,,f
Boart Longyear,BLY,Boart Longyear Ltd,,,,,,,,,,,,f
Bonterra Energy,BNE,Bonterra Energy Corp,,,,,,,,,,,,f
Borr Drilling,BORR,Borr Drilling Ltd,,,,,,,,,,,,f
BP,BP.,BP PLC,,,,,,,,,,,,f
BP Castrol,5015,ビーピー・カストロール株式会社,,,,,,,,,,,,f
BP Prudhoe Bay,BPT,BP Prudhoe Bay Royalty Trust,,,,,,,,,,,,f
Bristow Group,VTOL,Bristow Group Inc,,,,,,,,,,,,f
Brooge Energy,BROG,Brooge Energy Ltd,,,,,,,,,,,,f
Bumi Armada,5210,Bumi Armada Bhd,,,,,,,,,,,,f
BW Energy,BWE,BW Energy Ltd,,,,,,,,,,,,f
BW Offshore,BWO,BW Offshore Ltd,,,,,,,,,,,,f
Byron Energy,BYE,Byron Energy Ltd,,,,,,,,,,,,f
Cactus,WHD,Cactus Inc,,,,,,,,,,,,f
Calfrac Well Servs,CFW,Calfrac Well Services Ltd,,,,,,,,,,,,f
California Resources,CRC,California Resources Corp,,,,,,,,,,,,f
Calima Energy,CE1,Calima Energy Ltd,,,,,,,,,,,,f
Callon Petroleum,CPE,Callon Petroleum Co,,,,,,,,,,,,f
Calumet Specialty Prods,CLMT,Calumet Specialty Products Partners LP,,,,,,,,,,,,f
Camber Energy,CEI,Camber Energy Inc,,,,,,,,,,,,f
Canacol Energy,CNE,Canacol Energy Ltd,,,,,,,,,,,,f
Canadian Natural Res,CNQ,Canadian Natural Resources Ltd,,,,,,,,,,,,f
Capricorn Energy,CNE,Capricorn Energy PLC,,,,,,,,,,,,f
Cardinal Energy,CJ,Cardinal Energy Ltd,,,,,,,,,,,,f
Carlyle Group,CG,The Carlyle Group Inc,,,,,,,,,,,,f
Carnarvon Energy,CVN,Carnarvon Energy Ltd,,,,,,,,,,,,f
Castrol India,500870,Castrol India Ltd,,,,,,,,,,,,f
Cathedral Energy Services,CET,Cathedral Energy Services Ltd,,,,,,,,,,,,f
CBL International,BANL,CBL International ltd,,,,,,,,,,,,f
Cenovus Energy,CVE,Cenovus Energy Inc,,,,,,,,,,,,f
CenterPoint Energy,CNP,CenterPoint Energy Inc,,,,,,,,,,,,f
CES Energy Solutions,CEU,CES Energy Solutions Corp,,,,,,,,,,,,f
CEZ,CEZ,CEZ a.s,,,,,,,,,,,,f
CGG,CGG,CGG,,,,,,,,,,,,f
CGN New Energy Hldgs Co,1811,中國廣核新能源控股有限公司,,,,,,,,,,,,f
ChampionX,CHX,ChampionX Corp,,,,,,,,,,,,f
Channel Infrastructure NZ,CHI,Channel Infrastructure NZ Ltd,,,,,,,,,,,,f
Cheniere Energy,LNG,Cheniere Energy Inc,,,,,,,,,,,,f
Cheniere Energy Partners,CQP,Cheniere Energy Partners LP,,,,,,,,,,,,f
Chennai Ptrl,500110,Chennai Petroleum Corp Ltd,,,,,,,,,,,,f
Chesapeake Energy,CHK,Chesapeake Energy Corp,,,,,,,,,,,,f
Chevron,CVX,Chevron Corp,,,,,,,,,,,,f
Chevron Lubricants Lanka,LLUB.N0000,Chevron Lubricants Lanka PLC,,,,,,,,,,,,f
China Aviation Oil,G92,China Aviation Oil (Singapore) Corp Ltd,,,,,,,,,,,,f
China Energy Dev Hldgs,228,中国能源开发控股有限公司,,,,,,,,,,,,f
China Energy Engineering,3996,中国能源建设股份有限公司,,,,,,,,,,,,f
China Huarong Energy Co,1101,China Huarong Energy Co Ltd,,,,,,,,,,,,f
China Merchants Energy,601872,招商局能源运输股份有限公司,,,,,,,,,,,,f
China Oil And Gas Group,603,中油燃氣集團有限公司,,,,,,,,,,,,f
China Oil HBP Science,2554,华油惠博普科技股份有限公司,,,,,,,,,,,,f
China Oilfield Services,601808,中海油田服务股份有限公司,,,,,,,,,,,,f
China Petroleum,386,中国石油化工股份有限公司,,,,,,,,,,,,f
China Petroleum Engineeri,600339,中国石油集团工程股份有限公司,,,,,,,,,,,,f
China Res Power Hldgs,836,華潤電力控股有限公司,,,,,,,,,,,,f
Chongqing Gas Group Corp,600917,重庆燃气集团股份有限公司,,,,,,,,,,,,f
Chongqing Three Gorges,600116,重庆三峡水利电力(集团)股份有限公司,,,,,,,,,,,,f
Chord Energy,CHRD,Chord Energy Corp,,,,,,,,,,,,f
Chubu Electric Power Co,9502,中部電力株式会社,,,,,,,,,,,,f
CIMC Enric Holdings,3899,中集安瑞科控股有限公司,,,,,,,,,,,,f
CITIC Resources Holdings,1205,中信资源控股有限公司,,,,,,,,,,,,f
Civitas Resources,CIVI,Civitas Resources Inc,,,,,,,,,,,,f
CKX Lands,CKX,CKX Lands Inc,,,,,,,,,,,,f
Clean Energy Fuels,CLNE,Clean Energy Fuels Corp,,,,,,,,,,,,f
CLP Holdings,2,中電控股有限公司,,,,,,,,,,,,f
CNOOC Energy Technology,600968,中海油能源发展股份有限公司,,,,,,,,,,,,f
CNPC Capital Co,617,中国石油集团资本股份有限公司,,,,,,,,,,,,f
CNX Resources,CNX,CNX Resources Corp,,,,,,,,,,,,f
Comet Ridge,COI,Comet Ridge Ltd,,,,,,,,,,,,f
Comstock Resources,CRK,Comstock Resources Inc,,,,,,,,,,,,f
Condor Energies,CDR,Condor Energies Inc,,,,,,,,,,,,f
Confidence Petroleum,526829,Confidence Petroleum India Ltd,,,,,,,,,,,,f
ConocoPhillips,COP,ConocoPhillips,,,,,,,,,,,,f
Cool Co,CLCO,Cool Co Ltd,,,,,,,,,,,,f
Cooper Energy,COE,Cooper Energy Ltd,,,,,,,,,,,,f
Core Laboratories,CLB,Core Laboratories Inc,,,,,,,,,,,,f
Cosan,CSAN3,Cosan SA,,,,,,,,,,,,f
Cosmo Energy Holdings,5021,コスモエネルギーホールディングス株式会社,,,,,,,,,,,,f
Coterra Energy,CTRA,Coterra Energy Inc,,,,,,,,,,,,f
Crescent Energy,CRGY,Crescent Energy Co,,,,,,,,,,,,f
Crescent Point Energy,CPG,Crescent Point Energy Corp,,,,,,,,,,,,f
Crew Energy,CR,Crew Energy Inc,,,,,,,,,,,,f
CrossAmerica Partners,CAPL,CrossAmerica Partners LP,,,,,,,,,,,,f
CSI Compressco,CCLP,CSI Compressco LP,,,,,,,,,,,,f
CVR Energy,CVI,CVR Energy Inc,,,,,,,,,,,,f
Daesung Industrial,128820,대성산업(주),,,,,,,,,,,,f
Dalipal Holdings,1921,達力普控股有限公司,,,,,,,,,,,,f
Dana Gas,DANA,دانة غاز,,,,,,,,,,,,f
Datang International,601991,大唐国际发电股份有限公司,,,,,,,,,,,,f
Dawson Geophysical,DWSN,Dawson Geophysical Co,,,,,,,,,,,,f
Dayang Enterprise Hldgs,5141,Dayang Enterprise Holdings Bhd,,,,,,,,,,,,f
DCC,DCC,DCC PLC,,,,,,,,,,,,f
Deep Industries,543288,Deep Industries Ltd,,,,,,,,,,,,f
Deep Value Driller,DVD,Deep Value Driller AS,,,,,,,,,,,,f
Delek Group,DLEKG,קבוצת דלק בע''מ,,,,,,,,,,,,f
Delek Logistics Partners,DKL,Delek Logistics Partners LP,,,,,,,,,,,,f
Delek US Hldgs,DK,Delek US Holdings Inc,,,,,,,,,,,,f
Deleum,5132,Deleum Bhd,,,,,,,,,,,,f
Desert Mountain Energy,DME,Desert Mountain Energy Corp,,,,,,,,,,,,f
Deutsche Rohstoff,DR0,Deutsche Rohstoff AG,,,,,,,,,,,,f
Devon Energy,DVN,Devon Energy Corp,,,,,,,,,,,,f
DHT Holdings,DHT,DHT Holdings Inc,,,,,,,,,,,,f
Dialog Gr,7277,Dialog Group Bhd,,,,,,,,,,,,f
Diamond Offshore Drilling,DO,Diamond Offshore Drilling Inc,,,,,,,,,,,,f
Diamondback Energy,FANG,Diamondback Energy Inc,,,,,,,,,,,,f
Diversified Energy,DEC,Diversified Energy Co PLC,,,,,,,,,,,,f
DMC Glb,BOOM,DMC Global Inc,,,,,,,,,,,,f
DNO,DNO,DNO ASA,,,,,,,,,,,,f
Dominion Energy,D,Dominion Energy Inc,,,,,,,,,,,,f
Dor Alon Energy,DRAL,"דור אלון אנרגיה בישראל בע""מ",,,,,,,,,,,,f
Dorchester Minerals,DMLP,Dorchester Minerals LP,,,,,,,,,,,,f
Dorian LPG,LPG,Dorian LPG Ltd,,,,,,,,,,,,f
Dow,DOW,Dow Inc,,,,,,,,,,,,f
Drax Group,DRX,Drax Group PLC,,,,,,,,,,,,f
Dril-Quip,DRQ,Dril-Quip Inc,,,,,,,,,,,,f
Drilling Tools Intl,DTI,Drilling Tools International Corp,,,,,,,,,,,,f
DT Midstream,DTM,DT Midstream Inc,,,,,,,,,,,,f
Dubai Electricity & Water,DEWA,هيئة كهرباء ومياه دبي ش.م.ع,,,,,,,,,,,,f
Duke Energy,DUK,Duke Energy Corp,,,,,,,,,,,,f
Dynagas LNG Partners,DLNG,Dynagas LNG Partners LP,,,,,,,,,,,,f
E.ON,EOAN,E.ON SE,,,,,,,,,,,,f
E1,17940,(주)E1,,,,,,,,,,,,f
Eco (Atlantic) Oil & Gas,EOG,Eco (Atlantic) Oil & Gas Ltd,,,,,,,,,,,,f
Ecopetrol,ECOPETROL,Ecopetrol SA,,,,,,,,,,,,f
Edda Wind,EWIND,Edda Wind ASA,,,,,,,,,,,,f
El Paso Energy Capital,,El Paso Energy Capital Trust I,,,,,,,,,,,,f
Elixir Energy,EXR,Elixir Energy Ltd,,,,,,,,,,,,f
Elnusa,ELSA,PT Elnusa Tbk,,,,,,,,,,,,f
Elvalhalcor,ELHA,ΕΛΒΑΛΧΑΛΚΟΡ A.E.,,,,,,,,,,,,f
Empire Petroleum,EP,Empire Petroleum Corp,,,,,,,,,,,,f
Empresa Metropolitana,EMAE4,Empresa Metropolitana de Águas e Energia S.A.,,,,,,,,,,,,f
Empresas Lipigas,LIPIGAS,Empresas Lipigas SA,,,,,,,,,,,,f
Enagas,ENG,"Enagás, S.A.",,,,,,,,,,,,f
Enauta Participacoes,ENAT3,Enauta Participacoes SA,,,,,,,,,,,,f
Enbridge,ENB,Enbridge Inc,,,,,,,,,,,,f
EnBW Energie Baden,EBK,EnBW Energie Baden-Württemberg AG,,,,,,,,,,,,f
Endesa,ELE,"Endesa, S.A.",,,,,,,,,,,,f
Enea,ENA,Enea SA,,,,,,,,,,,,f
Enel,ENEL,Enel SpA,,,,,,,,,,,,f
ENEOS Holdings,5020,ＥＮＥＯＳホールディングス株式会社,,,,,,,,,,,,f
Enerflex,EFX,Enerflex Ltd,,,,,,,,,,,,f
Energa,ENG,Energa SA,,,,,,,,,,,,f
Energean,ENOG,Energean PLC,,,,,,,,,,,,f
Energi Mega Persada,ENRG,PT Energi Mega Persada Tbk,,,,,,,,,,,,f
Energy Intl Inv Hldgs,353,能源国际投资控股有限公司,,,,,,,,,,,,f
Energy Transfer,ET,Energy Transfer LP,,,,,,,,,,,,f
Energy World Corp,EWC,Energy World Corp Ltd,,,,,,,,,,,,f
Enerplus,ERF,Enerplus Corp,,,,,,,,,,,,f
Eneva,ENEV3,Eneva SA,,,,,,,,,,,,f
Engie,ENGI,Engie SA,,,,,,,,,,,,f
Engie Energia Chile,ECL,Engie Energia Chile SA,,,,,,,,,,,,f
Eni,ENI,Eni SpA,,,,,,,,,,,,f
EnLink Midstream,ENLC,EnLink Midstream LLC,,,,,,,,,,,,f
ENN Natural Gas,600803,新奥天然气股份有限公司,,,,,,,,,,,,f
EnQuest,ENQ,EnQuest PLC,,,,,,,,,,,,f
Enservco,ENSV,Enservco Corp,,,,,,,,,,,,f
Ensign Energy Services,ESI,Ensign Energy Services Inc,,,,,,,,,,,,f
Entergy,ETR,Entergy Corp,,,,,,,,,,,,f
Enterprise Prods Partners,EPD,Enterprise Products Partners LP,,,,,,,,,,,,f
EOG Resources,EOG,EOG Resources Inc,,,,,,,,,,,,f
Epsilon Energy,EPSN,Epsilon Energy Ltd,,,,,,,,,,,,f
EQT,EQT,EQT Corp,,,,,,,,,,,,f
Equinor,EQNR,Equinor ASA,,,,,,,,,,,,f
Equital,EQTL,אקויטל בע,,,,,,,,,,,,f
Equitrans Midstream,ETRN,Equitrans Midstream Corp,,,,,,,,,,,,f
Esso,ES,Esso SAF,,,,,,,,,,,,f
Etablissements Maurel,MAU,Etablissements Maurel & Prom,,,,,,,,,,,,f
Euronav,EURN,Euronav NV,,,,,,,,,,,,f
Evergy,EVRG,Evergy Inc,,,,,,,,,,,,f
Evolution Petroleum,EPM,Evolution Petroleum Corp,,,,,,,,,,,,f
Excelerate Energy,EE,Excelerate Energy Inc,,,,,,,,,,,,f
Exmar,EXM,Exmar NV,,,,,,,,,,,,f
Expro Gr Hldgs,XPRO,Expro Group Holdings NV,,,,,,,,,,,,f
Exxon Mobil,XOM,Exxon Mobil Corp,,,,,,,,,,,,f
Ezra Holdings,5DN,Ezra Holdings Ltd,,,,,,,,,,,,f
Ferrellgas Partners,FGPR,Ferrellgas Partners LP,,,,,,,,,,,,f
First Gen,FGEN,First Gen Corp,,,,,,,,,,,,f
First Pacific Co,142,First Pacific Co Ltd,,,,,,,,,,,,f
First Philippine Hldgs,FPH,First Philippine Holdings Corp,,,,,,,,,,,,f
Flex LNG,FLNG,Flex LNG Ltd,,,,,,,,,,,,f
Flotek Industries,FTK,Flotek Industries Inc,,,,,,,,,,,,f
Fluxys Belgium,FLUX,Fluxys Belgium SA,,,,,,,,,,,,f
Foran Energy Group,2911,佛燃能源集团股份有限公司,,,,,,,,,,,,f
Formosa Chemicals & Fibre,1326,台灣化學纖維股份有限公司,,,,,,,,,,,,f
Formosa Petrochemical,6505,台塑石化股份有限公司,,,,,,,,,,,,f
Formosa Plastics,1301,台灣塑膠工業股份有限公司,,,,,,,,,,,,f
Fortis,FTS,Fortis Inc,,,,,,,,,,,,f
Forum Energy Technologies,FET,Forum Energy Technologies Inc,,,,,,,,,,,,f
Freehold Royalties,FRU,Freehold Royalties Ltd,,,,,,,,,,,,f
Frontera Energy,FEC,Frontera Energy Corp,,,,,,,,,,,,f
Frontline,FRO,Frontline Plc,,,,,,,,,,,,f
Fugro,FUR,Fugro NV,,,,,,,,,,,,f
Fuji Kosan,5009,富士興産株式会社,,,,,,,,,,,,f
Fuji Oil Co,5017,富士石油株式会社,,,,,,,,,,,,f
GAIL (India),532155,GAIL (India) Ltd,,,,,,,,,,,,f
Galp Energia SGPS,GALP,Galp Energia SGPS SA,,,,,,,,,,,,f
Gazprom,GAZP,ПАО Газпром,,,,,,,,,,,,f
Gazprom Neft,SIBN,ОАО Газпром нефть,,,,,,,,,,,,f
Gaztransport et technigaz,GTT,Gaztransport et technigaz SA,,,,,,,,,,,,f
GCL Energy Technology,2015,协鑫能源科技股份有限公司,,,,,,,,,,,,f
GD Power Dev Co,600795,国电电力发展股份有限公司,,,,,,,,,,,,f
Gear Energy,GXE,Gear Energy Ltd,,,,,,,,,,,,f
GEK Terna Holding,GEKTERNA,"ΓΕΚ ΤΕΡΝΑ Α.Ε. ΣΥΜΜΕΤΟΧΩΝ, ΑΚΙΝΗΤΩΝ, ΚΑΤΑΣΚΕΥΩΝ",,,,,,,,,,,,f
Genel Energy,GENL,Genel Energy PLC,,,,,,,,,,,,f
General Electric,GE,General Electric Co,,,,,,,,,,,,f
Genesis Energy,GEL,Genesis Energy LP,,,,,,,,,,,,f
GeoPark,GPRK,GeoPark Ltd,,,,,,,,,,,,f
Geospace Technologies,GEOS,Geospace Technologies Corp,,,,,,,,,,,,f
Gibson Energy,GEI,Gibson Energy Inc,,,,,,,,,,,,f
Glencore,GLEN,Glencore PLC,,,,,,,,,,,,f
Global Partners,GLP,Global Partners LP,,,,,,,,,,,,f
Golar LNG,GLNG,Golar LNG Ltd,,,,,,,,,,,,f
Golar LNG Partners,GMLP,Golar LNG Partners LP,,,,,,,,,,,,f
Gran Tierra Energy,GTE,Gran Tierra Energy Inc,,,,,,,,,,,,f
Granite Ridge Resources,GRNT,Granite Ridge Resources Inc,,,,,,,,,,,,f
Greenfire Resources,GFR,Greenfire Resources Ltd,,,,,,,,,,,,f
Grupo Carso,GCARSOA1,Grupo Carso SAB de CV,,,,,,,,,,,,f
GS Holdings,78930,(주)GS,,,,,,,,,,,,f
GT Capital Holdings,GTCAP,GT Capital Holdings Inc,,,,,,,,,,,,f
Guangdong Electric Power,539,广东电力发展股份有限公司,,,,,,,,,,,,f
Guanghui Energy,600256,广汇能源股份有限公司,,,,,,,,,,,,f
Guangzhou Development Gr,600098,广州发展集团股份有限公司,,,,,,,,,,,,f
Guangzhou Hengyun,531,广州恒运企业集团股份有限公司,,,,,,,,,,,,f
Gujarat State Petronet,532702,Gujarat State Petronet Ltd,,,,,,,,,,,,f
Gulf Coast Ultra Deep,GULTU,Gulf Coast Ultra Deep Royalty Trust,,,,,,,,,,,,f
Gulf Energy Development,GULF,บริษัท กัลฟ์ เอ็นเนอร์จี ดีเวลลอปเมนท์ จำกัด (มหาชน),,,,,,,,,,,,f
Gulf Keystone Petroleum,GKP,Gulf Keystone Petroleum Ltd,,,,,,,,,,,,f
Gulf Marine Services,GMS,Gulf Marine Services PLC,,,,,,,,,,,,f
Gulfport Energy,GPOR,Gulfport Energy Corp,,,,,,,,,,,,f
Halliburton,HAL,Halliburton Co,,,,,,,,,,,,f
Han Kook Shell Oil,2960,한국쉘석유(주),,,,,,,,,,,,f
Hanwha,880,(주)한화,,,,,,,,,,,,f
Harbour Energy,HBR,Harbour Energy PLC,,,,,,,,,,,,f
HD Hyundai,267250,에이치디현대(주),,,,,,,,,,,,f
HDC Hldgs,12630,에이치디씨(주),,,,,,,,,,,,f
Headwater Exploration,HWX,Headwater Exploration Inc,,,,,,,,,,,,f
Helios Energy,HE8,Helios Energy Ltd,,,,,,,,,,,,f
Helix Energy Solns Gr,HLX,Helix Energy Solutions Group Inc,,,,,,,,,,,,f
HELLENiQ ENERGY Hldgs,ELPE,HELLENiQ ENERGY Ανώνυμη Εταιρεία Συμμετοχών,,,,,,,,,,,,f
Helmerich & Payne,HP,Helmerich & Payne Inc,,,,,,,,,,,,f
Hemisphere Energy,HME,Hemisphere Energy Corp,,,,,,,,,,,,f
Hengyuan Refining Co,4324,Hengyuan Refining Co Bhd,,,,,,,,,,,,f
Hess,HES,Hess Corp,,,,,,,,,,,,f
Hess Midstream,HESM,Hess Midstream LP,,,,,,,,,,,,f
HF Sinclair,DINO,HF Sinclair Corp,,,,,,,,,,,,f
Hibiscus Petroleum,5199,Hibiscus Petroleum Bhd,,,,,,,,,,,,f
High Arctic Energy Servs,HWO,High Arctic Energy Services Inc,,,,,,,,,,,,f
HighPeak Energy,HPK,HighPeak Energy Inc,,,,,,,,,,,,f
Hilong Holding,1623,海隆控股有限公司,,,,,,,,,,,,f
Hindustan Oil Exploration,500186,Hindustan Oil Exploration Co Ltd,,,,,,,,,,,,f
Hindustan Petroleum Corp,HINDPETRO,Hindustan Petroleum Corp Ltd,,,,,,,,,,,,f
Hiroshima Gas,9535,広島ガス株式会社,,,,,,,,,,,,f
HK Electric Inv,2638,港燈電力投資 與 港燈電力投資有限公司,,,,,,,,,,,,f
Honghua Group,196,宏华集团有限公司,,,,,,,,,,,,f
Horizon Oil,HZN,Horizon Oil Ltd,,,,,,,,,,,,f
Houpu Clean Energy Group,300471,厚普清洁能源(集团)股份有限公司,,,,,,,,,,,,f
Houston American Energy,HUSA,Houston American Energy Corp,,,,,,,,,,,,f
Huadian Power Intl Corp,600027,华电国际电力股份有限公司,,,,,,,,,,,,f
Huaneng Power Intl,600011,华能国际电力股份有限公司,,,,,,,,,,,,f
Hunter Group,HUNT,Hunter Group ASA,,,,,,,,,,,,f
Hunting,HTG,Hunting PLC,,,,,,,,,,,,f
HY Energy Gr,600387,海越能源集团股份有限公司,,,,,,,,,,,,f
Hyundai Engineering,720,현대건설(주),,,,,,,,,,,,f
Hyundai Motor,5380,현대자동차(주),,,,,,,,,,,,f
i3 Energy,I3E,i3 Energy PLC,,,,,,,,,,,,f
Icahn Enterprises,IEP,Icahn Enterprises LP,,,,,,,,,,,,f
Idacorp,IDA,Idacorp Inc,,,,,,,,,,,,f
Idemitsu Kosan,5019,出光興産株式会社,,,,,,,,,,,,f
Imperial Oil,IMO,Imperial Oil Ltd,,,,,,,,,,,,f
Imperial Ptrl,IMPP,Imperial Petroleum Inc,,,,,,,,,,,,f
Independence Contract,ICD,Independence Contract Drilling Inc,,,,,,,,,,,,f
Indian Oil Corp,IOC,Indian Oil Corp Ltd,,,,,,,,,,,,f
Inpex,1605,国際石油開発帝石株式会社,,,,,,,,,,,,f
InPlay Oil,IPO,InPlay Oil Corp,,,,,,,,,,,,f
International Ptrl,IPCO,International Petroleum Corp,,,,,,,,,,,,f
International Seaways,INSW,International Seaways Inc,,,,,,,,,,,,f
Invictus Energy,IVZ,Invictus Energy Ltd,,,,,,,,,,,,f
Iren,IRE,Iren SpA,,,,,,,,,,,,f
IRPC,IRPC,บริษัท ไออาร์พีซี จำกัด (มหาชน),,,,,,,,,,,,f
Isramco Negev 2 LP,ISRA,ישראמקו נגב 2 שותפות מוגבלת,,,,,,,,,,,,f
Ithaca Energy,ITH,Ithaca Energy PLC,,,,,,,,,,,,f
ITOCHU,8001,伊藤忠商事株式会社,,,,,,,,,,,,f
Itochu Enex Co,8133,伊藤忠エネクス株式会社,,,,,,,,,,,,f
Jadestone Energy,JSE,Jadestone Energy PLC,,,,,,,,,,,,f
Jamuna Oil Co,JAMUNAOIL,Jamuna Oil Co Ltd,,,,,,,,,,,,f
Japan Petroleum,1662,石油資源開発株式会社,,,,,,,,,,,,f
JG Summit Holdings,JGS,JG Summit Holdings Inc,,,,,,,,,,,,f
Jiangsu Guoxin,2608,江苏国信股份有限公司,,,,,,,,,,,,f
JIANGSU LOPAL TECH Co,603906,江苏龙蟠科技股份有限公司,,,,,,,,,,,,f
Jiangxi Jovo Energy Co,605090,江西九丰能源股份有限公司,,,,,,,,,,,,f
Jindal Drilling & Indus,511034,Jindal Drilling & Industries Ltd,,,,,,,,,,,,f
John Wood Group,WG.,John Wood Group Plc,,,,,,,,,,,,f
Jordan Petroleum Refinery,JOPT,Jordan Petroleum Refinery Co Ltd,,,,,,,,,,,,f
Journey Energy,JOY,Journey Energy Inc,,,,,,,,,,,,f
Jutal Offshore Oil Servs,3303,Jutal Offshore Oil Services Ltd,,,,,,,,,,,,f
Kamei,8037,カメイ株式会社,,,,,,,,,,,,f
Karoon Energy,KAR,Karoon Energy Ltd,,,,,,,,,,,,f
Kawasan Industri Jababeka,KIJA,PT Kawasan Industri Jababeka Tbk,,,,,,,,,,,,f
Kelt Exploration,KEL,Kelt Exploration Ltd,,,,,,,,,,,,f
Kenon Hldgs,KEN,Kenon Holdings Ltd,,,,,,,,,,,,f
Keppel,BN4,Keppel Ltd,,,,,,,,,,,,f
Key Energy Servs,KEGX,Key Energy Services Inc,,,,,,,,,,,,f
Keyera,KEY,Keyera Corp,,,,,,,,,,,,f
Kimbell Royalty Partners,KRP,Kimbell Royalty Partners LP,,,,,,,,,,,,f
Kinder Morgan,KMI,Kinder Morgan Inc,,,,,,,,,,,,f
Kinetik Holdings,KNTK,Kinetik Holdings Inc,,,,,,,,,,,,f
Kiwetinohk Energy,KEC,Kiwetinohk Energy Corp,,,,,,,,,,,,f
KKR & Co,KKR,KKR & Co Inc,,,,,,,,,,,,f
KLX Energy Services Hldgs,KLXE,KLX Energy Services Holdings Inc,,,,,,,,,,,,f
KN Energies,KNE1L,KN Energies AB,,,,,,,,,,,,f
Kodiak Gas Services,KGS,Kodiak Gas Services Inc,,,,,,,,,,,,f
Kogeneracja,KGN,Kogeneracja S.A.,,,,,,,,,,,,f
Koil Energy Solutions,KLNG,Koil Energy Solutions Inc,,,,,,,,,,,,f
Kolibri Global Energy,KEI,Kolibri Global Energy Inc,,,,,,,,,,,,f
Koninklijke Vopak,VPK,Koninklijke Vopak NV,,,,,,,,,,,,f
Korea Electric Power,15760,한국전력공사(주),,,,,,,,,,,,f
Korea Gas,36460,한국가스공사(주),,,,,,,,,,,,f
Kosmos Energy,KOS,Kosmos Energy Ltd,,,,,,,,,,,,f
Krakatau Steel (Persero),KRAS,PT Krakatau Steel (Persero) Tbk,,,,,,,,,,,,f
KS Energy,578,KS Energy Ltd,,,,,,,,,,,,f
Kunlun Energy,135,昆仑能源有限公司,,,,,,,,,,,,f
Kyushu Electric Power Co,9508,九州電力株式会社,,,,,,,,,,,,f
La Francaise de l'Energie,FDE,La Francaise de l'Energie,,,,,,,,,,,,f
Lafarge Africa,WAPCO,Lafarge Africa PLC,,,,,,,,,,,,f
Lanka IOC,LIOC.N0000,Lanka IOC PLC,,,,,,,,,,,,f
Lapidoth Capital,LAPD,לפידות קפיטל בע''מ,,,,,,,,,,,,f
Lee & Man Paper Mfg,2314,理文造纸有限公司,,,,,,,,,,,,f
Liberty Energy,LBRT,Liberty Energy Inc,,,,,,,,,,,,f
LNG Energy Group,LNGE,LNG Energy Group Corp,,,,,,,,,,,,f
Logan energy,LGN,Logan energy corp,,,,,,,,,,,,f
Lopez Holdings,LPZ,Lopez Holdings Corp,,,,,,,,,,,,f
Lucero Energy,LOU,Lucero Energy Corp,,,,,,,,,,,,f
Lukoil,LKOH,ПАО ЛУКОЙЛ,,,,,,,,,,,,f
Mach Natural Resources,MNR,Mach Natural Resources,,,,,,,,,,,,f
Magnolia Oil & Gas,MGY,Magnolia Oil & Gas Corp,,,,,,,,,,,,f
Maha Energy,MAHA A,Maha Energy AB,,,,,,,,,,,,f
Malakoff Corp,5264,Malakoff Corp Bhd,,,,,,,,,,,,f
Malaysia Marine,5186,Malaysia Marine and Heavy Engineering Holdings Bhd,,,,,,,,,,,,f
Mangalore Refinery,500109,Mangalore Refinery and Petrochemicals Ltd,,,,,,,,,,,,f
Manila Electric,MER,Manila Electric Co,,,,,,,,,,,,f
Marathon Oil,MRO,Marathon Oil Corp,,,,,,,,,,,,f
Marathon Petroleum,MPC,Marathon Petroleum Corp,,,,,,,,,,,,f
Mari Petroleum Co,MARI,Mari Petroleum Co Ltd,,,,,,,,,,,,f
Marine Petroleum Trust,MARPS,Marine Petroleum Trust,,,,,,,,,,,,f
Martin Midstream Partners,MMLP,Martin Midstream Partners LP,,,,,,,,,,,,f
Marubeni,8002,丸紅株式会社,,,,,,,,,,,,f
Matador Resources,MTDR,Matador Resources Co,,,,,,,,,,,,f
Mattr,MATR,Mattr Corp,,,,,,,,,,,,f
Maxim Power,MXG,Maxim Power Corp,,,,,,,,,,,,f
McCoy Global,MCB,McCoy Global Inc,,,,,,,,,,,,f
MDU Resources Gr,MDU,MDU Resources Group Inc,,,,,,,,,,,,f
Medco Energi,MEDC,PT Medco Energi Internasional Tbk,,,,,,,,,,,,f
MEG Energy,MEG,MEG Energy Corp,,,,,,,,,,,,f
Meghna Petroleum,MPETROLEUM,Meghna Petroleum Ltd,,,,,,,,,,,,f
Melbana Energy,MAY,Melbana Energy Ltd,,,,,,,,,,,,f
Mermaid Maritime,DU4,บริษัท เมอร์เมด มาริไทม์ จำกัด (มหาชน),,,,,,,,,,,,f
Mexco Energy,MXC,Mexco Energy Corp,,,,,,,,,,,,f
Michang Oil Ind,3650,미창석유공업(주),,,,,,,,,,,,f
Migdal Insurance & Finl,MGDL,מגדל אחזקות ביטוח ופיננסים בע''מ,,,,,,,,,,,,f
Mineral Resources,MIN,Mineral Resources Ltd,,,,,,,,,,,,f
Mining & Metallurgical Co,GMKN,ПАО «ГМК «Норильский никель»,,,,,,,,,,,,f
Mitsubishi,8058,三菱商事株式会社,,,,,,,,,,,,f
Mitsubishi Heavy Indus,7011,三菱重工業株式会社,,,,,,,,,,,,f
Mitsui & Co,8031,三井物産株式会社,,,,,,,,,,,,f
Mitsuuroko Group Holdings,8131,株式会社ミツウロコグループホールディングス,,,,,,,,,,,,f
Mivtach Shamir Holdings,MISH,מבטח שמיר אחזקות בע''מ,,,,,,,,,,,,f
Modec,6269,三井海洋開発株式会社,,,,,,,,,,,,f
MOL Hungarian Oil and Gas,MOL,MOL Hungarian Oil and Gas PLC,,,,,,,,,,,,f
Mota-Engil,EGL,Mota-Engil,,,,,,,,,,,,f
Motor Oil (Hellas),MOH,ΜΟΤΟΡ ΟΪΛ (ΕΛΛΑΣ) ΔΙΥΛΙΣΤΗΡΙΑ ΚΟΡΙΝΘΟΥ ΑΕ,,,,,,,,,,,,f
MPLX,MPLX,MPLX LP,,,,,,,,,,,,f
MRC Global,MRC,MRC Global Inc,,,,,,,,,,,,f
Murphy Oil,MUR,Murphy Oil Corp,,,,,,,,,,,,f
Mytilineos,MYTIL,ΜΥΤΙΛΗΝΑΙΟΣ Α.Ε. - ΟΜΙΛΟΣ ΕΠΙΧΕΙΡΗΣΕΩΝ,,,,,,,,,,,,f
Nabors Industries,NBR,Nabors Industries Ltd,,,,,,,,,,,,f
Nan Ya Plastics,1303,南亞塑膠工業股份有限公司,,,,,,,,,,,,f
Nanjing Develop Advanced,688377,南京迪威尔高端制造股份有限公司,,,,,,,,,,,,f
Nanjing Tanker,601975,中国长江航运集团南京油运股份有限公司,,,,,,,,,,,,f
Naphtha Israel Petroleum,NFTA,נפטא חברה ישראלית לנפט בע''מ,,,,,,,,,,,,f
National Energy Services,NESR,National Energy Services Reunited Corp,,,,,,,,,,,,f
National Fuel Gas,NFG,National Fuel Gas Co,,,,,,,,,,,,f
National Gas,2080,شركة الغاز والتصنيع الأهلية,,,,,,,,,,,,f
National Grid,NG.,National Grid PLC,,,,,,,,,,,,f
Natural Gas Services Gr,NGS,Natural Gas Services Group Inc,,,,,,,,,,,,f
NATURELGAZ SANAYI VE,NTGAZ,NATURELGAZ SANAYI VE TICARET AS,,,,,,,,,,,,f
Navigator Holdings,NVGS,Navigator Holdings Ltd,,,,,,,,,,,,f
NCS Multistage Holdings,NCSM,NCS Multistage Holdings Inc,,,,,,,,,,,,f
Neste,NESTE,Neste Oyj,,,,,,,,,,,,f
New Fortress Energy,NFE,New Fortress Energy Inc,,,,,,,,,,,,f
New Stratus Energy,NSE,New Stratus Energy Inc,,,,,,,,,,,,f
NewMed Energy,NWMD,NewMed Energy LP,,,,,,,,,,,,f
NewOcean Energy Holdings,NE6,新海能源集团有限公司,,,,,,,,,,,,f
Newpark Resources,NR,Newpark Resources Inc,,,,,,,,,,,,f
NextDecade,NEXT,NextDecade Corp,,,,,,,,,,,,f
NextEra Energy,NEE,NextEra Energy Inc,,,,,,,,,,,,f
NG Energy Intl,GASX,NG Energy International Corp,,,,,,,,,,,,f
NGL Energy Partners,NGL,NGL Energy Partners LP,,,,,,,,,,,,f
Nine Dragons Paper,2689,玖龙纸业（控股）有限公司,,,,,,,,,,,,f
Nine Energy Service,NINE,Nine Energy Service Inc,,,,,,,,,,,,f
NIPPON CONCEPT,9386,日本コンセプト株式会社,,,,,,,,,,,,f
NiSource,NI,NiSource Inc,,,,,,,,,,,,f
Noble Corp,NE,Noble Corp PLC,,,,,,,,,,,,f
NorAm Drilling,NORAM,Noram Drilling Company AS,,,,,,,,,,,,f
North American,NOA,North American Construction Group Ltd,,,,,,,,,,,,f
Northern Ocean,NOL,Northern Ocean Ltd,,,,,,,,,,,,f
Northern Oil & Gas,NOG,Northern Oil & Gas Inc,,,,,,,,,,,,f
Nostrum Oil & Gas,NOG,Nostrum Oil & Gas PLC,,,,,,,,,,,,f
NOV,NOV,NOV Inc,,,,,,,,,,,,f
Novagold Resources,NG,Novagold Resources Inc,,,,,,,,,,,,f
NOVATEK,NVTK,пао НОВАТЭК,,,,,,,,,,,,f
NuStar Energy,NS,NuStar Energy LP,,,,,,,,,,,,f
NuVista Energy,NVA,NuVista Energy Ltd,,,,,,,,,,,,f
NWF Group,NWF,NWF Group PLC,,,,,,,,,,,,f
Obsidian Energy,OBE,Obsidian Energy Ltd,,,,,,,,,,,,f
Occidental Petroleum,OXY,Occidental Petroleum Corp,,,,,,,,,,,,f
Oceaneering International,OII,Oceaneering International Inc,,,,,,,,,,,,f
Odfjell Drilling,ODL,Odfjell Drilling Ltd,,,,,,,,,,,,f
Odfjell Technology,OTL,Odfjell Technology Ltd,,,,,,,,,,,,f
Offshore Oil Eng Co,600583,海洋石油工程股份有限公司,,,,,,,,,,,,f
OGK-2,OGKB,ОАО ОГК-2,,,,,,,,,,,,f
Oil & Gas Development Co,OGDC,Oil & Gas Development Co Ltd,,,,,,,,,,,,f
Oil India,533106,Oil India Ltd,,,,,,,,,,,,f
Oil Refineries,ORL,בתי זקוק לנפט בע''מ,,,,,,,,,,,,f
Oil States International,OIS,Oil States International Inc,,,,,,,,,,,,f
Okea,OKEA,Okea ASA,,,,,,,,,,,,f
OMV,OMV,OMV AG,,,,,,,,,,,,f
OMV Petrom,SNP,OMV Petrom SA,,,,,,,,,,,,f
ONEOK,OKE,ONEOK Inc,,,,,,,,,,,,f
ONGC,500312,Oil & Natural Gas Corp Ltd,,,,,,,,,,,,f
Opc Energy,OPCE,או.פי.סי אנרגיה בע''מ,,,,,,,,,,,,f
OQ Gas Network Company,OQGN,OQ Gas Network Company S A O G,,,,,,,,,,,,f
Organizacion Terpel,TERPEL,Organizacion Terpel SA,,,,,,,,,,,,f
Oriental Energy Co,2221,东华能源股份有限公司,,,,,,,,,,,,f
Origin Energy,ORG,Origin Energy Ltd,,,,,,,,,,,,f
Orlen,PKN,Orlen SA,,,,,,,,,,,,f
Osaka Gas,9532,大阪瓦斯株式会社,,,,,,,,,,,,f
Overseas Shipholding Gr,OSG,Overseas Shipholding Group Inc,,,,,,,,,,,,f
Ovintiv,OVV,Ovintiv Inc,,,,,,,,,,,,f
Padma Oil Co,PADMAOIL,Padma Oil Co Ltd,,,,,,,,,,,,f
Pakistan Oilfields,POL,Pakistan Oilfields Ltd,,,,,,,,,,,,f
Pakistan Petroleum,PPL,Pakistan Petroleum Ltd,,,,,,,,,,,,f
Pakistan Refinery,PRL,Pakistan Refinery Ltd,,,,,,,,,,,,f
Pakistan State Oil Co,PSO,Pakistan State Oil Co Ltd,,,,,,,,,,,,f
Pampa Energia,PAMP,Pampa Energia SA,,,,,,,,,,,,f
Panama Petrochem,524820,Panama Petrochem Ltd,,,,,,,,,,,,f
Panoro Energy,PEN,Panoro Energy ASA,,,,,,,,,,,,f
Pantheon Resources,PANR,Pantheon Resources PLC,,,,,,,,,,,,f
PAO Sovcomflot,FLOT,PAO Sovcomflot,,,,,,,,,,,,f
Par Pacific Hldgs,PARR,Par Pacific Holdings Inc,,,,,,,,,,,,f
Paramount Resources,POU,Paramount Resources Ltd,,,,,,,,,,,,f
Pardee Resources Co,PDER,Pardee Resources Co Inc,,,,,,,,,,,,f
Parex Resources,PXT,Parex Resources Inc,,,,,,,,,,,,f
Parker Drilling,PKDC,Parker Drilling Co,,,,,,,,,,,,f
Parkland,PKI,Parkland Corp,,,,,,,,,,,,f
Partners Gr Holding,PGHN,Partners Group Holding AG,,,,,,,,,,,,f
Pason Sys,PSI,Pason Systems Inc,,,,,,,,,,,,f
Patria Investments,PAX,Patria Investments Ltd,,,,,,,,,,,,f
Patterson-UTI Energy,PTEN,Patterson-UTI Energy Inc,,,,,,,,,,,,f
Paz Oil,PZOL,פז חברת הנפט בע''מ,,,,,,,,,,,,f
PBF Energy,PBF,PBF Energy Inc,,,,,,,,,,,,f
PEDEVCO,PED,PEDEVCO Corp,,,,,,,,,,,,f
Pembina Pipeline,PPL,Pembina Pipeline Corp,,,,,,,,,,,,f
Permian Basin Royalty,PBT,Permian Basin Royalty Trust,,,,,,,,,,,,f
Permian Resources,PR,Permian Resources Corp,,,,,,,,,,,,f
PermRock Royalty Trust,PRT,PermRock Royalty Trust,,,,,,,,,,,,f
Petrobras Brasileiro,PETR3,Petroleo Brasileiro SA Petrobras,,,,,,,,,,,,f
PetroChina Co,601857,中国石油天然气股份有限公司,,,,,,,,,,,,f
Petrofac,PFC,Petrofac Ltd,,,,,,,,,,,,f
Petron,PCOR,Petron Corp,,,,,,,,,,,,f
Petron Malaysia Refining,3042,Petron Malaysia Refining & Marketing Bhd,,,,,,,,,,,,f
Petronas Chemicals Gr,5183,Petronas Chemicals Group Bhd,,,,,,,,,,,,f
Petronas Dagangan,5681,Petronas Dagangan Bhd,,,,,,,,,,,,f
Petronet LNG,532522,Petronet LNG Ltd,,,,,,,,,,,,f
PetroNor E&P,PNOR,PetroNor E&P ASA,,,,,,,,,,,,f
Petroreconcavo,RECV3,Petroreconcavo SA,,,,,,,,,,,,f
PetroTal,TAL,PetroTal Corp,,,,,,,,,,,,f
Petrovietnam Drilling,PVD,Tổng CTCP Khoan và Dịch vụ Khoan Dầu khí,,,,,,,,,,,,f
PetroVietnam Gas,GAS,Tổng Công ty Khí Việt Nam,,,,,,,,,,,,f
PetroVietnam Power,POW,Tổng Công ty Điện lực Dầu khí Việt Nam - CTCP,,,,,,,,,,,,f
PetroVietnam Technical,PVS,Tổng Công ty Cổ phần Dịch vụ Kỹ thuật Dầu khí Việt Nam,,,,,,,,,,,,f
Petrus Resources,PRQ,Petrus Resources Ltd,,,,,,,,,,,,f
Peyto Exploration & Dev,PEY,Peyto Exploration & Development Corp,,,,,,,,,,,,f
PGS,PGS,PGS ASA,,,,,,,,,,,,f
Pharos Energy,PHAR,Pharos Energy PLC,,,,,,,,,,,,f
Phillips 66,PSX,Phillips 66,,,,,,,,,,,,f
Phoenix Petroleum,PNX,Phoenix Petroleum Philippines Inc,,,,,,,,,,,,f
PHX Energy Services,PHX,PHX Energy Services Corp,,,,,,,,,,,,f
PHX Minerals,PHX,PHX Minerals Inc,,,,,,,,,,,,f
Pieridae Energy,PEA,Pieridae Energy Ltd,,,,,,,,,,,,f
Pine Cliff Energy,PNE,Pine Cliff Energy Ltd,,,,,,,,,,,,f
Pioneer Natural Resources,PXD,Pioneer Natural Resources Co,,,,,,,,,,,,f
Plains All American,PAA,Plains All American Pipeline LP,,,,,,,,,,,,f
Plains GP Holdings,PAGP,Plains GP Holdings LP,,,,,,,,,,,,f
Polska Grupa Energetyczna,PGE,PGE POLSKA GRUPA ENERGETYCZNA SPÓŁKA AKCYJNA,,,,,,,,,,,,f
Posco International,47050,(주)포스코인터내셔널,,,,,,,,,,,,f
Power Assets Holdings,6,電能實業有限公司,,,,,,,,,,,,f
Power Soln Tech,PSTC,บริษัท เพาเวอร์ โซลูชั่น เทคโนโลยี จำกัด (มหาชน),,,,,,,,,,,,f
Prairie Provident,PPR,Prairie Provident Resources Inc,,,,,,,,,,,,f
PrairieSky Royalty,PSK,PrairieSky Royalty Ltd,,,,,,,,,,,,f
Precision Drilling,PD,Precision Drilling Corp,,,,,,,,,,,,f
Prima Marine,PRM,บริษัท พริมา มารีน จำกัด (มหาชน),,,,,,,,,,,,f
PrimeEnergy Resources,PNRG,PrimeEnergy Resources Corp,,,,,,,,,,,,f
PRIO,PRIO3,PRIO SA,,,,,,,,,,,,f
Profire Energy,PFIE,Profire Energy Inc,,,,,,,,,,,,f
ProFrac Holding,ACDC,ProFrac Holding Corp,,,,,,,,,,,,f
ProPetro Holding,PUMP,ProPetro Holding Corp,,,,,,,,,,,,f
Pryce,PPC,Pryce Corp,,,,,,,,,,,,f
PT Essa Industries,ESSA,PT Essa Industries Indonesia Tbk,,,,,,,,,,,,f
Ptt,PTT,บริษัท ปตท. จำกัด (มหาชน),,,,,,,,,,,,f
PTT E&P,PTTEP,บริษัท ปตท. สำรวจและผลิตปิโตรเลียม จำกัด (มหาชน),,,,,,,,,,,,f
PTT Oil and Retail,OR,บริษัท ปตท. น้ำมันและการค้าปลีก จำกัด (มหาชน),,,,,,,,,,,,f
Public Power Corp,PPC,ΔΗΜΟΣΙΑ ΕΠΙΧΕΙΡΗΣΗ ΗΛΕΚΤΡΙΣΜΟΥ ΑΕ,,,,,,,,,,,,f
Pulse Seismic,PSD,Pulse Seismic Inc,,,,,,,,,,,,f
PXP Energy,PXP,PXP Energy Corp,,,,,,,,,,,,f
Pyxis Tankers,PXS,Pyxis Tankers Inc,,,,,,,,,,,,f
Qatar Electricity & Water,QEWS,Qatar Electricity & Water Co QSC,,,,,,,,,,,,f
Qatar Fuel,QFLS,Qatar Fuel QSC,,,,,,,,,,,,f
Qatar Gas Transport Co,QGTS,Qatar Gas Transport Co Ltd (Nakilat) QSC,,,,,,,,,,,,f
Questerre Energy,QEC,Questerre Energy Corp,,,,,,,,,,,,f
Rabigh Refining,2380,شركة رابغ للتكرير والبتروكيماويات,,,,,,,,,,,,f
Range Resources,RRC,Range Resources Corp,,,,,,,,,,,,f
Ranger Energy Services,RNGR,Ranger Energy Services Inc,,,,,,,,,,,,f
Ratch Group,RATCH,บริษัท ราช กรุ๊ป จำกัด (มหาชน),,,,,,,,,,,,f
Ratio Energies,RATI,רציו אנרגיות,,,,,,,,,,,,f
Reabold Resources,RBD,Reabold Resources PLC,,,,,,,,,,,,f
Reach Subsea,REACH,Reach Subsea ASA,,,,,,,,,,,,f
Recon Technology,RCON,研控科技有限公司,,,,,,,,,,,,f
Reliance Industries,RELIANCE,Reliance Industries Ltd,,,,,,,,,,,,f
Reliance Power,532939,Reliance Power Ltd,,,,,,,,,,,,f
Renaissance Services,RNSS,Renaissance Services SAOG,,,,,,,,,,,,f
Renergen,REN,Renergen Ltd,,,,,,,,,,,,f
Repsol,REP,Repsol SA,,,,,,,,,,,,f
Rex Intl Hldgs,5WH,Rex International Holding Ltd,,,,,,,,,,,,f
RH Petrogas,T13,RH Petrogas Ltd,,,,,,,,,,,,f
Riley Exploration Permian,REPX,Riley Exploration Permian Inc,,,,,,,,,,,,f
Ring Energy,REI,Ring Energy Inc,,,,,,,,,,,,f
Riverstone Holdings,AP4,Riverstone Holdings Ltd,,,,,,,,,,,,f
Rockhopper Exploration,RKH,Rockhopper Exploration PLC,,,,,,,,,,,,f
Rongsheng Petro Chemical,2493,荣盛石化股份有限公司,,,,,,,,,,,,f
Rosneft Oil,ROSN,ОАО НК Роснефть,,,,,,,,,,,,f
RPC,RES,RPC Inc,,,,,,,,,,,,f
Rubis,RUI,Rubis SCA,,,,,,,,,,,,f
RusHydro,HYDR,РусГидро ПАО,,,,,,,,,,,,f
RWE,RWE,RWE AG,,,,,,,,,,,,f
S-Oil,10950,S-Oil(주),,,,,,,,,,,,f
S.D. Standard ETC,SDSD,S.D. Standard ETC PLC,,,,,,,,,,,,f
Sabine Royalty,SBR,Sabine Royalty Trust,,,,,,,,,,,,f
Saibu Gas Holdings,9536,西部ガスホールディングス,,,,,,,,,,,,f
Saipem,SPM,Saipem SpA,,,,,,,,,,,,f
San Juan Basin Royalty,SJT,San Juan Basin Royalty Trust,,,,,,,,,,,,f
San Miguel,SMC,San Miguel Corp,,,,,,,,,,,,f
San-Ai Obbli,8097,三愛オブリ,,,,,,,,,,,,f
SandRidge Energy,SD,SandRidge Energy Inc,,,,,,,,,,,,f
Santos,STO,Santos Ltd,,,,,,,,,,,,f
Sapura Energy,5218,Sapura Energy Bhd,,,,,,,,,,,,f
Saras,SRS,Saras SpA,,,,,,,,,,,,f
Sasol,SOL,Sasol Ltd,,,,,,,,,,,,f
Saturn Oil & Gas,SOIL,Saturn Oil & Gas Inc,,,,,,,,,,,,f
Saudi Arabian Oil,2222,شركة الزيت العربية السعودية,,,,,,,,,,,,f
Saudi Aramco Base Oil,2223,شركة أرامكو السعودية لزيوت الأساس,,,,,,,,,,,,f
Saudi Basic Industries,2010,الشركة السعودية للصناعات الأساسية,,,,,,,,,,,,f
Saudi Electricity,5110,الشركة السعودية للكهرباء,,,,,,,,,,,,f
Savannah Energy,SAVE,Savannah Energy PLC,,,,,,,,,,,,f
SBM Offshore,SBMO,SBM Offshore NV,,,,,,,,,,,,f
Schlumberger,SLB,Schlumberger Ltd,,,,,,,,,,,,f
Schoeller-Bleckmann,SBO,Schoeller-Bleckmann Oilfield Equipment AG,,,,,,,,,,,,f
Scorpio Tankers,STNG,Scorpio Tankers Inc,,,,,,,,,,,,f
SDIC Power Holdings Co,600886,国投电力控股股份有限公司,,,,,,,,,,,,f
Seadrill,SDRL,Seadrill Ltd,,,,,,,,,,,,f
Seapeak,TGP,Seapeak LLC,,,,,,,,,,,,f
Secure Energy Services,SES,Secure Energy Services Inc,,,,,,,,,,,,f
Sembcorp Industries,U96,Sembcorp Industries Ltd,,,,,,,,,,,,f
Sempra,SRE,Sempra,,,,,,,,,,,,f
Seplat Energy,SEPLAT,Seplat Energy PLC,,,,,,,,,,,,f
Serica Energy,SQZ,Serica Energy PLC,,,,,,,,,,,,f
Serinus Energy,SENX,Serinus Energy PLC,,,,,,,,,,,,f
Seven Group Hldgs,SVW,Seven Group Holdings Ltd,,,,,,,,,,,,f
Shaanxi Provincial,2267,陕西省天然气股份有限公司,,,,,,,,,,,,f
Shandong Molong Petroleum,568,山东墨龙石油机械股份有限公司,,,,,,,,,,,,f
Shandong Shengli,407,山东胜利股份有限公司,,,,,,,,,,,,f
Shandong Xinchao Energy,600777,山东新潮能源股份有限公司,,,,,,,,,,,,f
Shanghai Lonyer Date,603003,上海龙宇数据股份有限公司,,,,,,,,,,,,f
Shanxi Blue Flame Holding,968,山西蓝焰控股股份有限公司,,,,,,,,,,,,f
Shanxi Guoxin Energy,600617,山西省国新能源股份有限公司,,,,,,,,,,,,f
Shelf Drilling,SHLF,Shelf Drilling Ltd,,,,,,,,,,,,f
Shell,SHEL,Shell PLC,,,,,,,,,,,,f
Shell Pakistan,SHEL,Shell Pakistan Ltd,,,,,,,,,,,,f
Shell Pilipinas,SHLPH,Shell Pilipinas Corp,,,,,,,,,,,,f
Shenergy Co,600642,申能股份有限公司,,,,,,,,,,,,f
Shenzhen Energy Group,27,深圳能源集团股份有限公司,,,,,,,,,,,,f
Shenzhen Gas,601139,深圳市燃气集团股份有限公司,,,,,,,,,,,,f
Shenzhen Guangju Energy,96,深圳市广聚能源股份有限公司,,,,,,,,,,,,f
Shenzhen New Nanshan,2314,深圳市新南山控股(集团)股份有限公司,,,,,,,,,,,,f
Shikun & Binui,SKBN,שיכון ובינוי בע''מ,,,,,,,,,,,,f
Siamgas,SGP,บริษัท สยามแก๊ส แอนด์ ปิโตรเคมีคัลส์ จำกัด (มหาชน),,,,,,,,,,,,f
Siem Offshore,SIOFF,Siem Offshore Inc,,,,,,,,,,,,f
Siemens,SIE,Siemens AG,,,,,,,,,,,,f
Siemens Energy,ENR,Siemens Energy AG,,,,,,,,,,,,f
SilverBow Resources,SBOW,SilverBow Resources Inc,,,,,,,,,,,,f
Sinanen Hldgs,8132,シナネンホールディングス株式会社,,,,,,,,,,,,f
Sino Geophysical Co,300191,潜能恒信能源技术股份有限公司,,,,,,,,,,,,f
SINOPEC Eng (Gr) Co,2386,中石化炼化工程（集团）股份有限公司,,,,,,,,,,,,f
Sinopec Kantons Hldgs,934,中石化冠德控股有限公司,,,,,,,,,,,,f
Sinopec Oilfield,852,中石化石油机械股份有限公司,,,,,,,,,,,,f
Sinopec Oilfield Service,600871,中石化石油工程技术服务股份有限公司,,,,,,,,,,,,f
Sinopec Shanghai,600688,中国石化上海石油化工股份有限公司,,,,,,,,,,,,f
Sinostar Pec Holdings,C9Q,Sinostar Pec Holdings Ltd,,,,,,,,,,,,f
Sintana Energy,SEI,Sintana Energy Inc,,,,,,,,,,,,f
Sitio Royalties,STR,Sitio Royalties Corp,,,,,,,,,,,,f
SK,34730,SK(주),,,,,,,,,,,,f
SK Discovery Co,6120,에스케이디스커버리(주),,,,,,,,,,,,f
SK Gas,18670,SK가스(주),,,,,,,,,,,,f
SK Innovation Co,96770,SK이노베이션(주),,,,,,,,,,,,f
SM Energy,SM,SM Energy Co,,,,,,,,,,,,f
Smart Sand,SND,Smart Sand Inc,,,,,,,,,,,,f
Snam,SRG,Snam SpA,,,,,,,,,,,,f
SNGN Romgaz,SNG,SNGN Romgaz SA,,,,,,,,,,,,f
SNTGN Transgaz,TGN,SNTGN Transgaz SA,,,,,,,,,,,,f
Sojitz,2768,双日株式会社,,,,,,,,,,,,f
Solaris Oilfield Infra,SOI,Solaris Oilfield Infrastructure Inc,,,,,,,,,,,,f
Source Energy Services,SHLE,Source Energy Services Ltd,,,,,,,,,,,,f
Source Rock Royalties,SRR,Source Rock Royalties Ltd,,,,,,,,,,,,f
Southern,SO,Southern Co,,,,,,,,,,,,f
Southwestern Energy,SWN,Southwestern Energy Co,,,,,,,,,,,,f
Spartan Delta,SDE,Spartan Delta Corp,,,,,,,,,,,,f
SPT Energy Group,1251,华油能源集团有限公司,,,,,,,,,,,,f
SSE,SSE,SSE PLC,,,,,,,,,,,,f
Stabilis Solutions,SLNG,Stabilis Solutions Inc,,,,,,,,,,,,f
Star Group,SGU,Star Group LP,,,,,,,,,,,,f
Star Petroleum Refining,SPRC,บริษัท สตาร์ ปิโตรเลียม รีไฟน์นิ่ง จำกัด (มหาชน),,,,,,,,,,,,f
STEP Energy Services,STEP,STEP Energy Services Ltd,,,,,,,,,,,,f
Strathcona Resources,SCR,Strathcona Resources Ltd,,,,,,,,,,,,f
Strike Energy,STX,Strike Energy Ltd,,,,,,,,,,,,f
Subsea 7,SUBC,Subsea 7 SA,,,,,,,,,,,,f
Sugih Energy,SUGI,PT Sugih Energy Tbk,,,,,,,,,,,,f
Sui Northern Gas Pipeline,SNGP,Sui Northern Gas Pipelines Ltd,,,,,,,,,,,,f
Sumitomo,8053,住友商事株式会社,,,,,,,,,,,,f
Summit Midstream Partners,SMLP,Summit Midstream Partners LP,,,,,,,,,,,,f
Suncor Energy,SU,Suncor Energy Inc,,,,,,,,,,,,f
Sunoco,SUN,Sunoco LP,,,,,,,,,,,,f
Superior Drilling Prods,SDPI,Superior Drilling Products Inc,,,,,,,,,,,,f
Surge Energy,SGY,Surge Energy Inc,,,,,,,,,,,,f
Surgutneftegas,SNGS,Сургутнефтегаз ОАО,,,,,,,,,,,,f
Susco,SUSCO,บริษัท ซัสโก้ จำกัด (มหาชน),,,,,,,,,,,,f
Suzhou Douson Drilling,603800,苏州道森钻采设备股份有限公司,,,,,,,,,,,,f
Swan Energy,503310,Swan Energy Ltd,,,,,,,,,,,,f
Taiwan Cogeneration,8926,台灣汽電共生股份有限公司,,,,,,,,,,,,f
Talen Energy,TLNE,Talen Energy Corp,,,,,,,,,,,,f
Talos Energy,TALO,Talos Energy Inc,,,,,,,,,,,,f
Tamar Petroleum,TMRP,"תמר פטרוליום בע""מ",,,,,,,,,,,,f
Tamarack Valley Energy,TVE,Tamarack Valley Energy Ltd,,,,,,,,,,,,f
Targa Resources,TRGP,Targa Resources Corp,,,,,,,,,,,,f
Tatneft,TATNP,ПАО Татнефть,,,,,,,,,,,,f
TC Energy,TRP,TC Energy Corp,,,,,,,,,,,,f
Technip Energies,TE,Technip Energies NV,,,,,,,,,,,,f
TechnipFMC,FTI,TechnipFMC PLC,,,,,,,,,,,,f
Teck Resources,TECK.B,Teck Resources Ltd,,,,,,,,,,,,f
Teekay,TK,Teekay Corp,,,,,,,,,,,,f
Teekay Tankers,TNK,Teekay Tankers Ltd,,,,,,,,,,,,f
Tellurian,TELL,Tellurian Inc,,,,,,,,,,,,f
Tenaga Nasional,5347,Tenaga Nasional Bhd,,,,,,,,,,,,f
Tenaris,TEN,Tenaris SA,,,,,,,,,,,,f
TerraVest Industries,TVK,TerraVest Industries Inc,,,,,,,,,,,,f
Tessenderlo Group,TESB,Tessenderlo Group NV,,,,,,,,,,,,f
Tethys Oil,TETY,Tethys Oil AB,,,,,,,,,,,,f
Tetra Technologies,TTI,Tetra Technologies Inc,,,,,,,,,,,,f
Texas Pacific Land,TPL,Texas Pacific Land Corp,,,,,,,,,,,,f
TGS,TGS,TGS ASA,,,,,,,,,,,,f
Thai Oil,TOP,บริษัท ไทยออยล์ จำกัด (มหาชน),,,,,,,,,,,,f
The Leadcorp,12700,(주)리드코프,,,,,,,,,,,,f
Tidewater,TDW,Tidewater Inc,,,,,,,,,,,,f
Tidewater Midstream,TWM,Tidewater Midstream and Infrastructure Ltd,,,,,,,,,,,,f
Tokyo Electric Power,9501,東京電力ホールディングス株式会社,,,,,,,,,,,,f
Tokyo Gas Co,9531,東京瓦斯株式会社,,,,,,,,,,,,f
Tongkun Group Co,601233,桐昆集团股份有限公司,,,,,,,,,,,,f
Top Frontier Investment,TFHI,Top Frontier Investment Holdings Inc,,,,,,,,,,,,f
Topaz Energy,TPZ,Topaz Energy Corp,,,,,,,,,,,,f
TORM,TRMD A,TORM PLC,,,,,,,,,,,,f
Total Energies Marketing,TMA,Total Energies Marketing Maroc,,,,,,,,,,,,f
Total Energy Services,TOT,Total Energy Services Inc,,,,,,,,,,,,f
TotalEnergies,TTE,TotalEnergies SE,,,,,,,,,,,,f
TotalEnergies EP Gabon,EC,TotalEnergies EP Gabon,,,,,,,,,,,,f
Touchstone Exploration,TXP,Touchstone Exploration Inc,,,,,,,,,,,,f
Tourmaline Oil,TOU,Tourmaline Oil Corp,,,,,,,,,,,,f
Transneft,TRNFP,Transneft PJSC,,,,,,,,,,,,f
Transocean,RIG,Transocean Ltd,,,,,,,,,,,,f
Transportadora de Gas,TGSU2,Transportadora de Gas del Sur SA,,,,,,,,,,,,f
Trican Well Service,TCW,Trican Well Service Ltd,,,,,,,,,,,,f
Trio Petroleum,TPET,Trio Petroleum Corp,,,,,,,,,,,,f
Tsakos Energy Navigation,TNP,Tsakos Energy Navigation Ltd,,,,,,,,,,,,f
Tullow Oil,TLW,Tullow Oil PLC,,,,,,,,,,,,f
Tupras-Turkiye Petrol,TUPRS,TÜPRAŞ-TÜRKİYE PETROL RAFİNERİLERİ A.Ş,,,,,,,,,,,,f
TXO Partners,TXO,TXO Partners LP,,,,,,,,,,,,f
Ultrapar Participacoes,UGPA3,Ultrapar Participacoes SA,,,,,,,,,,,,f
Unique Hotel & Resorts,UNIQUEHRL,Unique Hotel & Resorts PLC,,,,,,,,,,,,f
Unit,UNTC,Unit Corp,,,,,,,,,,,,f
United Energy Group,467,United Energy Group Ltd,,,,,,,,,,,,f
United Strength Power,2337,众诚能源控股有限公司,,,,,,,,,,,,f
US Energy,USEG,US Energy Corp,,,,,,,,,,,,f
US Silica Holdings,SLCA,US Silica Holdings Inc,,,,,,,,,,,,f
USA Compression Partners,USAC,USA Compression Partners LP,,,,,,,,,,,,f
Uzma,7250,Uzma Bhd,,,,,,,,,,,,f
VAALCO Energy,EGY,VAALCO Energy Inc,,,,,,,,,,,,f
Valaris,VAL,Valaris Ltd,,,,,,,,,,,,f
Vale,VALE3,Vale SA,,,,,,,,,,,,f
Valero Energy,VLO,Valero Energy Corp,,,,,,,,,,,,f
Valeura Energy,VLE,Valeura Energy Inc,,,,,,,,,,,,f
Vallourec,VK,Vallourec SA,,,,,,,,,,,,f
Valvoline,VVV,Valvoline Inc,,,,,,,,,,,,f
Vantage Drilling Intl,VTDRF,Vantage Drilling International,,,,,,,,,,,,f
Var Energi,VARo,Var Energi ASA,,,,,,,,,,,,f
Velesto Energy,5243,Velesto Energy Bhd,,,,,,,,,,,,f
Vermilion Energy,VET,Vermilion Energy Inc,,,,,,,,,,,,f
Vertex Energy,VTNR,Vertex Energy Inc,,,,,,,,,,,,f
Vietnam National,PLX,Tập đoàn Xăng dầu Việt Nam,,,,,,,,,,,,f
Viper Energy,VNOM,Viper Energy Inc,,,,,,,,,,,,f
Vista Energy,VISTAA,Vista Energy SAB de CV,,,,,,,,,,,,f
Vital Energy,VTLE,Vital Energy,,,,,,,,,,,,f
Vitesse Energy,VTS,Vitesse Energy Inc,,,,,,,,,,,,f
Viva Energy Group,VEA,Viva Energy Group Ltd,,,,,,,,,,,,f
Vivakor,VIVK,Vivakor Inc,,,,,,,,,,,,f
VOC Energy,VOC,VOC Energy Trust,,,,,,,,,,,,f
W&T Offshore,WTI,W&T Offshore Inc,,,,,,,,,,,,f
Wasco,5142,Wasco Bhd,,,,,,,,,,,,f
Weatherford International,WFRD,Weatherford International PLC,,,,,,,,,,,,f
Westcore Energy,WTR.H,Westcore Energy Ltd,,,,,,,,,,,,f
Western Midstream,WES,Western Midstream Partners LP,,,,,,,,,,,,f
Whitecap Res,WCP,Whitecap Resources Inc,,,,,,,,,,,,f
Williams Companies,WMB,Williams Companies Inc,,,,,,,,,,,,f
Woodside Energy Group,WDS,Woodside Energy Group Ltd,,,,,,,,,,,,f
World Kinect,WKC,World Kinect Corp,,,,,,,,,,,,f
Worley,WOR,Worley Ltd,,,,,,,,,,,,f
Wuxi Huaguang Environment,600475,无锡华光环保能源集团股份有限公司,,,,,,,,,,,,f
Xcel Energy,XEL,Xcel Energy Inc,,,,,,,,,,,,f
Yanchang Ptrl Intl,346,延长石油国际有限公司,,,,,,,,,,,,f
Yangarra Resources,YGR,Yangarra Resources Ltd,,,,,,,,,,,,f
Yangzijiang Shipbuilding,BS6,Yangzijiang Shipbuilding (Holdings) Ltd,,,,,,,,,,,,f
Yantai Jereh Oilfield,2353,烟台杰瑞石油服务集团股份有限公司,,,,,,,,,,,,f
Yinson Holdings,7293,Yinson Holdings Bhd,,,,,,,,,,,,f
YPF,YPFD,YPF SA,,,,,,,,,,,,f
Yunnan Energy Investment,2053,云南能源投资股份有限公司,,,,,,,,,,,,f
Ze Pak,ZEP,Ze Pak SA,,,,,,,,,,,,f
Zhongman Petroleum,603619,中曼石油天然气集团股份有限公司,,,,,,,,,,,,f
Zhuhai Port,507,珠海港股份有限公司,,,,,,,,,,,,f
ABM Investama,ABMM,PT ABM Investama Tbk,,,,,,,,,,,,f
Aboitiz Equity Ventures,AEV,Aboitiz Equity Ventures Inc,,,,,,,,,,,,f
Aboitiz Power,AP,Aboitiz Power Corp,,,,,,,,,,,,f
Adani Energy Solutions,539254,Adani Energy Solutions Ltd,,,,,,,,,,,,f
Adani Enterprises,512599,Adani Enterprises Ltd,,,,,,,,,,,,f
Adani Power,533096,Adani Power Ltd,,,,,,,,,,,,f
Adaro Energy Indonesia,ADRO,PT Adaro Energy Indonesia Tbk,,,,,,,,,,,,f
Adaro Minerals Indonesia,ADMR,PT Adaro Minerals Indonesia Tbk,,,,,,,,,,,,f
African Rainbow Minerals,ARI,African Rainbow Minerals Ltd,,,,,,,,,,,,f
Alliance Res Partners,ARLP,Alliance Resource Partners LP,,,,,,,,,,,,f
Alliant Energy,LNT,Alliant Energy Corp,,,,,,,,,,,,f
Alpha Metallurgical,AMR,Alpha Metallurgical Resources Inc,,,,,,,,,,,,f
Altinyag Kombinalari,ALMAD,ALTINYAĞ KOMBİNALARI A.Ş.,,,,,,,,,,,,f
Aluminum Corp of China,601600,中国铝业股份有限公司,,,,,,,,,,,,f
Ambuja Cements,500425,Ambuja Cements Ltd,,,,,,,,,,,,f
Ameren,AEE,Ameren Corp,,,,,,,,,,,,f
American Res,AREC,American Resources Corp,,,,,,,,,,,,f
An Hui Wenergy,543,安徽省皖能股份有限公司,,,,,,,,,,,,f
Anglo American,AAL,Anglo American PLC,,,,,,,,,,,,f
Anhui Hengyuan Coal,600971,安徽恒源煤电股份有限公司,,,,,,,,,,,,f
APSEZ,532921,Adani Ports & Special Economic Zone Ltd,,,,,,,,,,,,f
Arch Resources,ARCH,Arch Resources Inc,,,,,,,,,,,,f
Asia Green Energy,AGE,บริษัท เอเชีย กรีน เอนเนอจี จำกัด (มหาชน),,,,,,,,,,,,f
Astra International,ASII,PT Astra International Tbk,,,,,,,,,,,,f
Astrindo Nusantara,BIPI,PT Astrindo Nusantara Infrastruktur Tbk,,,,,,,,,,,,f
Aurizon Holdings,AZJ,Aurizon Holdings Ltd,,,,,,,,,,,,f
Avista,AVA,Avista Corp,,,,,,,,,,,,f
Bajaj Hindusthan Sugar,500032,Bajaj Hindusthan Sugar Ltd,,,,,,,,,,,,f
Banpu,BANPU,บริษัท บ้านปู จำกัด (มหาชน),,,,,,,,,,,,f
Banpu Power,BPP,บริษัท บ้านปู เพาเวอร์ จำกัด (มหาชน),,,,,,,,,,,,f
Baotailong New Materials,601011,宝泰隆新材料股份有限公司,,,,,,,,,,,,f
Baramulti Suksessarana,BSSR,PT Baramulti Suksessarana Tbk,,,,,,,,,,,,f
Bathurst Resources,BRL,Bathurst Resources Ltd,,,,,,,,,,,,f
Bayan Resources,BYAN,PT Bayan Resources Tbk,,,,,,,,,,,,f
Beijing Haohua Energy,601101,北京昊华能源股份有限公司,,,,,,,,,,,,f
Beijing Jingneng Power,600578,北京京能电力股份有限公司,,,,,,,,,,,,f
Bharat Heavy Electricals,500103,Bharat Heavy Electricals Ltd,,,,,,,,,,,,f
Black Hills,BKH,Black Hills Corp,,,,,,,,,,,,f
Bowen Coking Coal,BCB,Bowen Coking Coal Ltd,,,,,,,,,,,,f
Bukit Asam,PTBA,PT Bukit Asam Tbk,,,,,,,,,,,,f
Bumech,BMC,Bumech S.A.,,,,,,,,,,,,f
Bumi Resources,BUMI,PT Bumi Resources Tbk,,,,,,,,,,,,f
CAN2 Termik,CANTE,CAN2 Termik AS,,,,,,,,,,,,f
CCS Supply Chain,600180,瑞茂通供应链管理股份有限公司,,,,,,,,,,,,f
CESC,500084,CESC Ltd,,,,,,,,,,,,f
China Camc Engineering,2051,中工国际工程股份有限公司,,,,,,,,,,,,f
China Coal Energy,1898,中国中煤能源股份有限公司,,,,,,,,,,,,f
China Coal Xinji Energy,601918,中煤新集能源股份有限公司,,,,,,,,,,,,f
China Daye Non-Ferrous,661,中国大冶有色金属矿业有限公司,,,,,,,,,,,,f
China Leon Inspection,1586,中国力鸿检验控股有限公司,,,,,,,,,,,,f
China Natural Resources,CHNR,中国天然资源有限公司,,,,,,,,,,,,f
China Power Intl Dev,2380,中國電力國際發展有限公司,,,,,,,,,,,,f
China Shenhua Energy,601088,中国神华能源股份有限公司,,,,,,,,,,,,f
China XLX Fertiliser,1866,China XLX Fertiliser Ltd,,,,,,,,,,,,f
CHN Energy Changyuan,966,国电长源电力股份有限公司,,,,,,,,,,,,f
Chugoku Electric Power,9504,中国電力株式会社,,,,,,,,,,,,f
Cikarang Listrindo,POWR,PT Cikarang Listrindo Tbk,,,,,,,,,,,,f
CITIC,267,中國中信股份有限公司,,,,,,,,,,,,f
Coal India,COALINDIA,Coal India Ltd,,,,,,,,,,,,f
Colbun,COLBUN,Colbun SA,,,,,,,,,,,,f
Colonial Coal Intl,CAD,Colonial Coal International Corp,,,,,,,,,,,,f
CONSOL Energy,CEIX,CONSOL Energy Inc,,,,,,,,,,,,f
Contango Holdings,CGO,Contango Holdings PLC,,,,,,,,,,,,f
Coronado Global Resources,,Coronado Global Resources Inc,,,,,,,,,,,,f
CSX,CSX,CSX Corp,,,,,,,,,,,,f
Dalmia Bharat,542216,Dalmia Bharat Ltd,,,,,,,,,,,,f
Daqin Railway Co,601006,大秦铁路股份有限公司,,,,,,,,,,,,f
Datang Huayin Electric,600744,大唐华银电力股份有限公司,,,,,,,,,,,,f
Delta Dunia Makmur,DOID,PT Delta Dunia Makmur Tbk,,,,,,,,,,,,f
DMCI Holdings,DMC,DMCI Holdings Inc,,,,,,,,,,,,f
Dongfang Electric Corp,600875,东方电气股份有限公司,,,,,,,,,,,,f
Doosan Enerbility,34020,두산에너빌리티(주),,,,,,,,,,,,f
E-Commodities Holdings,1733,易大宗控股有限公司,,,,,,,,,,,,f
Electric Power,9513,電源開発株式会社,,,,,,,,,,,,f
Electricity Generating,EGCO,บริษัท ผลิตไฟฟ้า จำกัด (มหาชน),,,,,,,,,,,,f
ELION ENERGY,600277,亿利洁能股份有限公司,,,,,,,,,,,,f
Emera,EMA,Emera Inc,,,,,,,,,,,,f
Empresas COPEC,COPEC,Empresas COPEC SA,,,,,,,,,,,,f
EVRAZ,EVR,EVRAZ PLC,,,,,,,,,,,,f
Exxaro Resources,EXX,Exxaro Resources Ltd,,,,,,,,,,,,f
FirstEnergy,FE,FirstEnergy Corp,,,,,,,,,,,,f
Fujian Funeng Co,600483,福建弗能有限公司,,,,,,,,,,,,f
Gansu Energy Chemical,552,甘肃能化股份有限公司,,,,,,,,,,,,f
Geo Energy Resources,RE4,Geo Energy Resources Ltd,,,,,,,,,,,,f
Globaltrans Investment,,Globaltrans Investment PLC,,,,,,,,,,,,f
GMR Power and Urban Infra,543490,GMR Power and Urban Infra Ltd,,,,,,,,,,,,f
GPSC,GPSC,บริษัท โกลบอล เพาเวอร์ ซินเนอร์ยี่ จำกัด (มหาชน),,,,,,,,,,,,f
Grand Ocean Adv Res Co,65,弘海高新资源有限公司,,,,,,,,,,,,f
Grenevia,GEA,GRENEVIA SPÓŁKA AKCYJNA,,,,,,,,,,,,f
Grindrod,GND,Grindrod Ltd,,,,,,,,,,,,f
Guangdong Hongda Holdings,2683,广东宏大控股集团股份有限公司,,,,,,,,,,,,f
Guangxi Guiguan Electric,600236,广西桂冠电力股份有限公司,,,,,,,,,,,,f
Guizhou Panjiang Refined,600395,贵州盘江精煤股份有限公司,,,,,,,,,,,,f
Gujarat Industries Power,517300,Gujarat Industries Power Co Ltd,,,,,,,,,,,,f
Gujarat Mineral Dev Corp,532181,Gujarat Mineral Development Corp Ltd,,,,,,,,,,,,f
GVK Power & Infra,532708,GVK Power & Infrastructure Ltd,,,,,,,,,,,,f
Hallador Energy,HNRG,Hallador Energy Co,,,,,,,,,,,,f
Hangzhou Cogeneration,605011,杭州热电集团股份有限公司,,,,,,,,,,,,f
Harbin Electric Co,1133,哈尔滨电气股份有限公司,,,,,,,,,,,,f
Harbin Hatou Inv Co,600864,哈尔滨哈投投资股份有限公司,,,,,,,,,,,,f
Harum Energy,HRUM,PT Harum Energy Tbk,,,,,,,,,,,,f
Henan Jinma Energy Co,6885,河南金马能源股份有限公司,,,,,,,,,,,,f
Henan Shenhuo Coal,933,河南神火煤电股份有限公司,,,,,,,,,,,,f
Henan Yuneng Hodings,1896,河南豫能控股股份有限公司,,,,,,,,,,,,f
Hindalco Industries,HINDALCO,Hindalco Industries Ltd,,,,,,,,,,,,f
Hokkaido Electric Power,9509,北海道電力株式会社,,,,,,,,,,,,f
Hokuriku Electric Power,9505,北陸電力株式会社,,,,,,,,,,,,f
Huaibei Mining Hldgs Co,600985,淮北矿业控股股份有限公司,,,,,,,,,,,,f
Huaihe Energy (Group),600575,淮河能源(集团)股份有限公司,,,,,,,,,,,,f
Hub Power Co,HUBC,Hub Power Co Ltd,,,,,,,,,,,,f
Hubei Energy Group,883,湖北能源集团股份有限公司,,,,,,,,,,,,f
Hubei Yihua Chemical,422,湖北宜化化工股份有限公司,,,,,,,,,,,,f
Indika Energy,INDY,PT Indika Energy Tbk,,,,,,,,,,,,f
Indo Tambangraya Megah,ITMG,PT Indo Tambangraya Megah Tbk,,,,,,,,,,,,f
Inner Mongolia Dian Tou,2128,内蒙古霍林河露天煤业股份有限公司,,,,,,,,,,,,f
Inner Mongolia ERDOS,600295,内蒙古鄂尔多斯资源股份有限公司,,,,,,,,,,,,f
Inner Mongolia Junzheng,601216,内蒙古君正能源化工集团股份有限公司,,,,,,,,,,,,f
Inner Mongolia Mengdian,600863,内蒙古蒙电华能热电股份有限公司,,,,,,,,,,,,f
Inner Mongolia Yitai Coal,900948,内蒙古伊泰煤炭股份有限公司,,,,,,,,,,,,f
Inter RAO UES,IRAO,ПАО Интер РАО ЕЭС,,,,,,,,,,,,f
Italian-Thai Development,ITD,บริษัท อิตาเลียนไทย ดีเวล๊อปเมนต์ จำกัด (มหาชน),,,,,,,,,,,,f
Jaiprakash Power Ventures,532627,Jaiprakash Power Ventures Ltd,,,,,,,,,,,,f
Jardine Cycle & Carriage,C07,Jardine Cycle & Carriage Ltd,,,,,,,,,,,,f
Jardine Matheson Hldgs,J36,Jardine Matheson Holdings Ltd,,,,,,,,,,,,f
Jastrzebska Spolka,JSW,Jastrzebska Spolka Weglowa SA,,,,,,,,,,,,f
Jiangsu Xukuang Energy,600925,江苏徐矿能源股份有限公司,,,,,,,,,,,,f
Jiangxi Ganneng,899,江西赣能股份有限公司,,,,,,,,,,,,f
Jilin Electric Power Co,875,吉林电力股份有限公司,,,,,,,,,,,,f
Jindal Steel & Power,532286,Jindal Steel & Power Ltd,,,,,,,,,,,,f
Jinneng Holding Shanxi,601001,晋能控股山西煤业股份有限公司,,,,,,,,,,,,f
Jinneng Holding Shanxi,767,晋能控股山西电力股份有限公司,,,,,,,,,,,,f
Jizhong Energy Res Co,937,冀中能源股份有限公司,,,,,,,,,,,,f
JSW Energy,JSWENERGY,JSW Energy Ltd,,,,,,,,,,,,f
JSW Steel,500228,JSW Steel Ltd,,,,,,,,,,,,f
Kailuan Energy Chemical,600997,开滦能源化工股份有限公司,,,,,,,,,,,,f
Kansai Electric Power,9503,関西電力株式会社,,,,,,,,,,,,f
Kinetic Dev Gr,1277,力量发展集团有限公司,,,,,,,,,,,,f
Kyungdong Invest Co,12320,(주)경동인베스트,,,,,,,,,,,,f
Lanhua Sci-Tech Venture,600123,山西兰花科技创业股份有限公司,,,,,,,,,,,,f
Lanna Resources,LANNA,บริษัท ลานนารีซอร์สเซส จำกัด (มหาชน),,,,,,,,,,,,f
Luenmei Quantum Co,600167,联美量子股份有限公司,,,,,,,,,,,,f
LW Bogdanka,LWB,LW Bogdanka S.A.,,,,,,,,,,,,f
LX Intl,1120,(주)LG상사,,,,,,,,,,,,f
Magnitogorsk Iron & Steel,MAGN,Публичное акционерное общество Магнитогорский металлургический комбинат,,,,,,,,,,,,f
Mechel PAO,MTLR,Мечел ПАО,,,,,,,,,,,,f
Mitrabahtera Segara,MBSS,PT Mitrabahtera Segara Sejati Tbk,,,,,,,,,,,,f
Mitrabara Adiperdana,MBAP,PT Mitrabara Adiperdana Tbk,,,,,,,,,,,,f
Mitsui Matsushima Hldgs,1518,三井松島ホールディングス株式会社,,,,,,,,,,,,f
Mongolian Mining,975,Mongolian Mining Corp,,,,,,,,,,,,f
Morella Corp,1MC,Morella Corp Ltd,,,,,,,,,,,,f
NACCO Industries,NC,NACCO Industries Inc,,,,,,,,,,,,f
NALCO,532234,National Aluminium Co Ltd,,,,,,,,,,,,f
Natural Resources,NRP,Natural Resources Partners LP,,,,,,,,,,,,f
Nava,513023,Nava Ltd,,,,,,,,,,,,f
New Hope Corp,NHC,New Hope Corp Ltd,,,,,,,,,,,,f
Ningxia Baofeng Energy Gr,600989,宁夏宝丰能源集团股份有限公司,,,,,,,,,,,,f
Nippon Coke & Engineering,3315,日本コークス工業株式会社,,,,,,,,,,,,f
Nippon Steel,5401,日本製鉄株式会社,,,,,,,,,,,,f
NLC India,513683,NLC India Ltd,,,,,,,,,,,,f
NMDC,526371,NMDC Ltd,,,,,,,,,,,,f
NorthWestern Energy Group,NWE,NorthWestern Energy Group Inc,,,,,,,,,,,,f
NTPC,532555,NTPC Ltd,,,,,,,,,,,,f
ODAS Elektrik Uretim,ODAS,ODAS Elektrik Uretim Sanayi Ticaret A.S.,,,,,,,,,,,,f
Orica,ORI,Orica Ltd,,,,,,,,,,,,f
Otter Tail,OTTR,Otter Tail Corp,,,,,,,,,,,,f
Park Elektrik Uretim,PRKME,PARK ELEKTRİK ÜRETİM MADENCİLİK SANAYİ VE TİCARET A.Ş.,,,,,,,,,,,,f
Peabody Energy,BTU,Peabody Energy Corp,,,,,,,,,,,,f
Perennial Energy Hldgs,2798,久泰邦达能源控股有限公司,,,,,,,,,,,,f
Petrindo Jaya Kreasi,CUAN,PT Petrindo Jaya Kreasi Tbk,,,,,,,,,,,,f
Pingdingshan Tianan Coal,601666,平顶山天安煤业股份有限公司,,,,,,,,,,,,f
Pinnacle West Capital,PNW,Pinnacle West Capital Corp,,,,,,,,,,,,f
PKP Cargo,PKP,PKP Cargo SA,,,,,,,,,,,,f
PNM Resources,PNM,PNM Resources Inc,,,,,,,,,,,,f
POSCO Holdings,5490,(주)포스코,,,,,,,,,,,,f
Power Construction,601669,中国电力建设股份有限公司,,,,,,,,,,,,f
Power Finance Corp,532810,Power Finance Corp Ltd,,,,,,,,,,,,f
Prakash Industries,506022,Prakash Industries Ltd,,,,,,,,,,,,f
Prima Andalan Mandiri,MCOL,PT Prima Andalan Mandiri Tbk,,,,,,,,,,,,f
PT IMC Pelita Logistik,PSSI,PT IMC Pelita Logistik Tbk,,,,,,,,,,,,f
Qinghai Spring Medicinal,600381,青海春天药用资源科技股份有限公司,,,,,,,,,,,,f
Qinhuangdao Port Co,3369,秦皇岛港股份有限公司,,,,,,,,,,,,f
Ramaco Resources,METC,Ramaco Resources Inc,,,,,,,,,,,,f
Refex Industries,532884,Refex Industries Ltd,,,,,,,,,,,,f
Reliance Infrastructure,500390,Reliance Infrastructure Ltd,,,,,,,,,,,,f
Resource Alam Indonesia,KKGI,PT Resource Alam Indonesia Tbk,,,,,,,,,,,,f
RMK Energy,RMKE,PT RMK Energy Tbk,,,,,,,,,,,,f
SAIL,500113,Steel Authority Of India Ltd,,,,,,,,,,,,f
Samindo Resources,MYOH,PT Samindo Resources Tbk,,,,,,,,,,,,f
Sarda Energy & Minerals,504614,Sarda Energy & Minerals Ltd,,,,,,,,,,,,f
Semirara Mining and Power,SCC,Semirara Mining and Power Corp,,,,,,,,,,,,f
Severstal,CHMF,ПАО Северсталь,,,,,,,,,,,,f
Shaanxi Coal Industry,601225,陕西煤业股份有限公司,,,,,,,,,,,,f
Shaanxi Energy Investment,1286,陕西能源投资股份有限公司,,,,,,,,,,,,f
Shan Xi Hua Yang Group,600348,山西华阳集团新能股份有限公司,,,,,,,,,,,,f
Shanghai Datun Energy,600508,上海大屯能源股份有限公司,,,,,,,,,,,,f
Shanxi Coal International,600546,山煤国际能源集团股份有限公司,,,,,,,,,,,,f
Shanxi Coking Co,600740,山西焦化股份有限公司,,,,,,,,,,,,f
Shanxi Coking Coal Energy,983,山西焦煤能源集团股份有限公司,,,,,,,,,,,,f
Shanxi Lu'an,601699,山西潞安环保能源开发股份有限公司,,,,,,,,,,,,f
Shanxi Meijin Energy Co,723,山西美锦能源股份有限公司,,,,,,,,,,,,f
Shikoku Electric Power,9507,四国電力株式会社,,,,,,,,,,,,f
Shougang Fushan Res Gr,639,首鋼福山資源集團有限公司,,,,,,,,,,,,f
Shree Cement,500387,Shree Cement Ltd,,,,,,,,,,,,f
South32,S32,South32 Ltd,,,,,,,,,,,,f
SPIC Yuanda Environmental,600292,国家电投集团远达环保股份有限公司,,,,,,,,,,,,f
Stanmore Resources,SMR,Stanmore Resources Ltd,,,,,,,,,,,,f
Sumiseki Holdings,1514,住石ホールディングス株式会社,,,,,,,,,,,,f
SunCoke Energy,SXC,SunCoke Energy Inc,,,,,,,,,,,,f
Sunflag Iron & Steel Co,500404,Sunflag Iron & Steel Co Ltd,,,,,,,,,,,,f
Taiheiyo Kouhatsu,8835,太平洋興発株式会社,,,,,,,,,,,,f
Tata Power Co,500400,Tata Power Co Ltd,,,,,,,,,,,,f
Tata Steel,TATASTEEL,Tata Steel Ltd,,,,,,,,,,,,f
Tata Steel Thailand,TSTH,บริษัท ทาทา สตีล (ประเทศไทย) จำกัด (มหาชน),,,,,,,,,,,,f
TAURON Polska Energia,TPE,TAURON Polska Energia S.A,,,,,,,,,,,,f
TBEA Co,600089,特变电工股份有限公司,,,,,,,,,,,,f
TBS Energi Utama,TOBA,PT TBS Energi Utama Tbk,,,,,,,,,,,,f
TerraCom,TER,TerraCom Ltd,,,,,,,,,,,,f
Thungela Resources,TGA,Thungela Resources Ltd,,,,,,,,,,,,f
Tiand Di Science & Tech,600582,天地科技股份有限公司,,,,,,,,,,,,f
Tohoku Electric Power,9506,東北電力株式会社,,,,,,,,,,,,f
Trada Alam Minera,TRAM,PT Trada Alam Minera Tbk,,,,,,,,,,,,f
Trans Power Marine,TPMA,PT Trans Power Marine Tbk,,,,,,,,,,,,f
Transcoal Pacific,TCPI,PT Transcoal Pacific Tbk,,,,,,,,,,,,f
UltraTech Cement,ULTRACEMCO,UltraTech Cement Ltd,,,,,,,,,,,,f
United RUSAL Intl,RUAL,публичное акционерное общество ''Объединенная Компания ''РУСАЛ'''',,,,,,,,,,,,f
United Tractors,UNTR,PT United Tractors Tbk,,,,,,,,,,,,f
Vedanta,500295,Vedanta Ltd,,,,,,,,,,,,f
Vistra,VST,Vistra Corp,,,,,,,,,,,,f
Warrior Met Coal,HCC,Warrior Met Coal Inc,,,,,,,,,,,,f
Washington H Soul,SOL,Washington H Soul Pattinson & Co Ltd,,,,,,,,,,,,f
Westshore Terminals,WTE,Westshore Terminals Investment Corp,,,,,,,,,,,,f
Whitehaven Coal,WHC,Whitehaven Coal Ltd,,,,,,,,,,,,f
Wintime Energy Group,600157,永泰能源集团股份有限公司,,,,,,,,,,,,f
Wison Eng Servs Co,2236,惠生工程技术服务有限公司,,,,,,,,,,,,f
Xinjiang Zhongtai,2092,新疆中泰化学股份有限公司,,,,,,,,,,,,f
Yancoal Australia,YAL,Yancoal Australia Ltd,,,,,,,,,,,,f
Yankuang Energy Gr,600188,兖矿能源集团股份有限公司,,,,,,,,,,,,f
Yunnan Coal & Energy,600792,云南煤业能源股份有限公司,,,,,,,,,,,,f
Zhejiang Zheneng Electric,600023,浙江浙能电力股份有限公司,,,,,,,,,,,,f
ZJMI Environmental Energy,603071,浙江物产环保能源股份有限公司,,,,,,,,,,,,f
